peptide_resn,peptide_resi,peptide_chain,protein_resn,protein_resi,protein_chain,pairwise_energy
PHE,502,A,GLN,580,A,-3.45239
ALA,511,A,PHE,568,A,-3.2424
LEU,529,A,MET,548,A,-2.95617
PHE,509,A,PHE,551,A,-2.84269
PHE,509,A,PHE,554,A,-2.21842
LYS,536,A,ALA,539,A,-2.21447
ALA,504,A,VAL,576,A,-2.19967
ILE,513,A,VAL,555,A,-1.98925
PHE,509,A,LEU,575,A,-1.69519
LEU,532,A,VAL,547,A,-1.66261
LYS,525,A,PHE,551,A,-1.55755
LEU,529,A,LEU,544,A,-1.51969
LYS,525,A,MET,548,A,-1.51523
LEU,532,A,LEU,544,A,-1.33355
LEU,532,A,PHE,551,A,-1.20942
ARG,521,A,VAL,555,A,-1.20496
PHE,507,A,VAL,576,A,-1.15926
LYS,536,A,GLN,580,A,-1.15856
VAL,533,A,THR,540,A,-1.10128
CYS,514,A,PHE,568,A,-1.02036
HIS,510,A,PHE,554,A,-1.00726
ILE,513,A,PHE,554,A,-0.994591
PHE,502,A,VAL,576,A,-0.982326
CYS,514,A,CYS,559,A,-0.89322
THR,508,A,LEU,575,A,-0.858798
LEU,532,A,SER,579,A,-0.78122
VAL,533,A,LEU,544,A,-0.778
ALA,528,A,PHE,551,A,-0.776048
ALA,511,A,GLU,565,A,-0.717803
PHE,502,A,SER,579,A,-0.658196
PHE,507,A,SER,579,A,-0.577912
THR,508,A,VAL,576,A,-0.558054
PHE,507,A,LEU,575,A,-0.531733
PHE,507,A,PHE,551,A,-0.52293
LEU,532,A,MET,548,A,-0.470328
GLN,526,A,MET,548,A,-0.437955
LYS,525,A,ALA,552,A,-0.435406
ALA,511,A,PHE,554,A,-0.360801
ARG,521,A,CYS,559,A,-0.356278
CYS,514,A,VAL,555,A,-0.339192
LYS,536,A,SER,579,A,-0.260602
ILE,513,A,PHE,568,A,-0.241029
PHE,509,A,GLY,572,A,-0.22344
GLU,501,A,GLN,580,A,-0.153216
THR,508,A,GLY,572,A,-0.113314
GLU,505,A,VAL,576,A,-0.0808689
LYS,536,A,TRP,581,A,-0.0793138
PRO,537,A,ALA,539,A,-0.0724831
VAL,533,A,ALA,539,A,-0.0687279
PHE,502,A,TRP,577,A,-0.0609216
ALA,528,A,MET,548,A,-0.0579644
HIS,510,A,PHE,568,A,-0.0570053
PHE,502,A,LEU,575,A,-0.048571
ASN,503,A,VAL,576,A,-0.033179
LEU,532,A,ALA,539,A,-0.0314816
LYS,536,A,LEU,544,A,-0.0240811
LEU,532,A,GLN,580,A,-0.0228582
ILE,513,A,CYS,559,A,-0.0115861
ALA,504,A,GLN,580,A,-0.0095014
HIS,510,A,LEU,575,A,-0.00871082
GLN,522,A,MET,548,A,-0.00796249
ALA,528,A,SER,579,A,-0.00764764
LEU,529,A,PHE,551,A,-0.00705743
LEU,532,A,MET,578,A,-0.00640963
PHE,509,A,SER,579,A,-0.0062835
GLN,526,A,PHE,551,A,-0.00612
LEU,532,A,LEU,575,A,-0.0045564
CYS,514,A,GLU,565,A,-0.00417214
ILE,513,A,PHE,551,A,-0.00237119
ASP,512,A,PHE,554,A,-0.00214336
LYS,525,A,LEU,553,A,-0.00188184
ALA,511,A,ARG,569,A,-0.00144262
PHE,507,A,VAL,547,A,-0.00139302
PHE,509,A,VAL,555,A,-0.0013297
THR,527,A,MET,548,A,-0.000903022
ALA,528,A,VAL,547,A,-0.000892945
LYS,525,A,PHE,549,A,-0.000778928
THR,506,A,VAL,576,A,-0.000574133
LYS,524,A,PHE,551,A,-0.000474512
LEU,529,A,VAL,547,A,-0.000450488
LEU,529,A,LYS,545,A,-0.000327572
LEU,532,A,VAL,576,A,-0.000323184
PHE,502,A,MET,578,A,-0.00027584
LYS,524,A,MET,548,A,-0.000242855
PHE,509,A,MET,548,A,-0.000229387
PHE,509,A,VAL,547,A,-0.000192244
CYS,514,A,CYS,558,A,-0.000180968
ALA,511,A,VAL,555,A,-0.000170211
PHE,502,A,TRP,581,A,-0.00014648
LYS,525,A,MET,550,A,-0.0001434
HIS,510,A,GLY,572,A,-9.02684e-05
THR,508,A,PHE,554,A,-7.61246e-05
HIS,510,A,VAL,555,A,-7.32908e-05
PRO,537,A,LEU,544,A,-6.15864e-05
LYS,524,A,VAL,555,A,-6.09881e-05
LEU,529,A,THR,540,A,-3.7032e-05
GLU,518,A,VAL,555,A,-3.57359e-05
PHE,502,A,VAL,547,A,-3.05341e-05
PHE,507,A,GLN,580,A,-2.87751e-05
PHE,502,A,PHE,551,A,-8.76846e-06
THR,508,A,LYS,573,A,-1.0909e-06
ALA,504,A,SER,579,A,0.000990834
LYS,525,A,PHE,554,A,0.00105794
LYS,525,A,GLU,556,A,0.00138147
ARG,521,A,GLU,556,A,0.00191877
PHE,507,A,GLY,572,A,0.00415015
PHE,509,A,VAL,576,A,0.00784271
CYS,514,A,PHE,554,A,0.00817137
PHE,509,A,PHE,568,A,0.044186
LYS,536,A,ARG,543,A,0.0981485
LYS,525,A,VAL,555,A,0.14259
LYS,536,A,THR,540,A,0.170458
PRO,537,A,THR,540,A,0.228348
TOTAL,,,,,,-51.30836379976
,,,,,,
/ifs/scratch/home/eca2133/final_part/res_energy/slurm-6261.out,,,,,,
